"001","BARBAN01","BAR EMERGENCY","BA219/L","NAVY","14","BAR LTRS1/L","NAVY","14","1"
"001","BARBAN01","BAR EMERGENCY","BA219/L","NAVY","6","BAR LTRS1/L","NAVY","6","1"
"001","BARBAN01","BAR EMERGENCY","BA219/P","NAVY","10","BAR LTRS1/UF","NAVY","10","1"
"001","BARBAN01","BAR EMERGENCY","BA219/P","NAVY","12","BAR LTRS1/UF","NAVY","12","1"
"001","BARBAN01","BAR EMERGENCY","BA219/P","NAVY","14","BAR LTRS1/UF","NAVY","14","1"
"001","BARBAN01","BAR EMERGENCY","BA219/P","NAVY","16","BAR LTRS1/UF","NAVY","16","1"
"001","BARBAN01","BAR EMERGENCY","BA219/P","NAVY","18","BAR LTRS1/UF","NAVY","18","1"
"001","BARBAN01","BAR EMERGENCY","BA219/P","NAVY","20","BAR LTRS1/UF","NAVY","20","1"
"001","BARBAN01","BAR EMERGENCY","BA219/P","NAVY","22","BAR LTRS1/UF","NAVY","22","1"
"001","BARBAN01","BAR EMERGENCY","BA219/P","NAVY","24","BAR LTRS1/UF","NAVY","24","1"
"001","BARBAN01","BAR EMERGENCY","BA219/P","NAVY","26","BAR LTRS1/UF","NAVY","26","1"
"001","BARBAN01","BAR EMERGENCY","BA219/P","NAVY","28","BAR LTRS1/UF","NAVY","28","1"
"001","BARBAN01","BAR EMERGENCY","BA219/P","NAVY","30","BAR LTRS1/UF","NAVY","30","1"
"001","BARBAN01","BAR EMERGENCY","BA219/P","NAVY","6","BAR LTRS1/UF","NAVY","6","1"
"001","BARBAN01","BAR EMERGENCY","BA219/P","NAVY","8","BAR LTRS1/UF","NAVY","8","1"
"001","BARBAN01","BAR EMERGENCY","BA219/R","NAVY","10","BAR LTRS1/R","NAVY","10","1"
"001","BARBAN01","BAR EMERGENCY","BA219/R","NAVY","24","BAR LTRS1/R","NAVY","24","1"
"001","BARBAN01","BAR EMERGENCY","BA219/R","NAVY","28","BAR LTRS1/R","NAVY","28","1"
"001","BARBAN01","BAR EMERGENCY","BA219/R","NAVY","6","BAR LTRS1/R","NAVY","6","1"
"001","BARBAN01","BAR EMERGENCY","BA219/S","NAVY","6","BAR LTRS1/S","NAVY","6","1"
"001","BARBAN01","BAR EMERGENCY","BA219/S","NAVY","8","BAR LTRS1/S","NAVY","8","1"
"001","BARBAN01","BAR EMERGENCY","BA219/U","NAVY","10","BAR LTRS1/UF","NAVY","10","1"
"001","BARBAN01","BAR EMERGENCY","BA219/U","NAVY","16","BAR LTRS1/UF","NAVY","16","1"
"001","BARBAN01","BAR EMERGENCY","BA219/U","NAVY","18","BAR LTRS1/UF","NAVY","18","1"
"001","BARBAN01","BAR EMERGENCY","BA219/U","NAVY","20","BAR LTRS1/UF","NAVY","20","1"
"001","BARBAN01","BAR EMERGENCY","BA219/U","NAVY","24","BAR LTRS1/UF","NAVY","24","1"
"001","BARBAN01","BAR EMERGENCY","BA219/U","NAVY","26","BAR LTRS1/UF","NAVY","26","1"
"001","BARBAN01","BAR EMERGENCY","BA219/U","NAVY","30","BAR LTRS1/UF","NAVY","30","1"
"001","BARBAN01","BAR EMERGENCY","BA219/U","NAVY","6","BAR LTRS1/UF","NAVY","6","1"
"001","BARBAN01","BAR EMERGENCY","BA219/U","NAVY","8","BAR LTRS1/UF","NAVY","8","1"
"001","BARBAN01","BAR EMERGENCY","BA220/L","NAVY","12","BAR LTRS1/L","NAVY","12","1"
"001","BARBAN01","BAR EMERGENCY","BA220/L","NAVY","8","BAR LTRS1/L","NAVY","8","1"
"001","BARBAN01","BAR EMERGENCY","BA220/P","NAVY","26","BAR LTRS1/S","NAVY","26","1"
"001","BARBAN01","BAR EMERGENCY","BA220/P","NAVY","28","BAR LTRS1/S","NAVY","28","1"
"001","BARBAN01","BAR EMERGENCY","BA220/P","NAVY","30","BAR LTRS1/S","NAVY","30","1"
"001","BARBAN01","BAR EMERGENCY","BA220/R","NAVY","28","BAR LTRS1/R","NAVY","28","1"
"001","BARBAN01","BAR EMERGENCY","BA220/R","NAVY","30","BAR LTRS1/R","NAVY","30","1"
"001","BARBAN01","BAR EMERGENCY","BA220/R","NAVY","6","BAR LTRS1/R","NAVY","6","1"
"001","BARBAN01","BAR EMERGENCY","BA220/S","NAVY","26","BAR LTRS1/S","NAVY","26","1"
"001","BARBAN01","BAR EMERGENCY","BA220/S","NAVY","28","BAR LTRS1/S","NAVY","28","1"
"001","BARBAN01","BAR EMERGENCY","BA231","CYAN","0","BAR STTOP1","WHITE","4","1"
"001","BARBAN01","BAR EMERGENCY","BA231","CYAN","1","BAR STTOP1","WHITE","6","1"
"001","BARBAN01","BAR EMERGENCY","BA231","CYAN","2","BAR STTOP1","WHITE","8","1"
"001","BARBAN01","BAR EMERGENCY","BA231","CYAN","3","BAR STTOP1","WHITE","10","1"
"001","BARBAN01","BAR EMERGENCY","BA231","CYAN","5","BAR STTOP1","WHITE","14","1"
"001","BARBAN01","BAR EMERGENCY","BA232","NAVY/CYAN","0","BAR SSTOP1","WHITE\
","6\
","1"
"001","BARBAN01","BAR EMERGENCY","BA232","NAVY/CYAN","1","BAR SSTOP1\
","WHITE\
","10\
","1"
"001","BARBAN01","BAR EMERGENCY","BA232","NAVY/CYAN","3","BAR SSTOP1\
","WHITE\
","18","1"
"001","BARBAN01","BAR EMERGENCY","BA233","NAVY/CYAN","0","BAR LCAR1","NAVY","XS 4/6","1"
"001","BARBAN01","BAR EMERGENCY","BA233","NAVY/CYAN","1","BAR LCAR1","NAVY","S 8/10","1"
"001","BARBAN01","BAR EMERGENCY","BA233","NAVY/CYAN","2","BAR LCAR1","NAVY","M 12/14","1"
"001","BARBAN01","BAR EMERGENCY","BA233","NAVY/CYAN","3","BAR LCAR1","NAVY","L 16/18","1"
"001","BARBAN01","BAR EMERGENCY","BA233","NAVY/CYAN","4","BAR LCAR1","NAVY","XL 20/22","1"
"001","BARBAN01","BAR EMERGENCY","BA233","NAVY/CYAN","6","BAR LCAR1","NAVY","3XL 28/30","1"
"001","BARBAN01","BAR EMERGENCY","BA234","NAVY/CYAN","0","BAR LCAR1","NAVY","XS 4/6","1"
"001","BARBAN01","BAR EMERGENCY","BA234","NAVY/CYAN","1","BAR LCAR1","NAVY","S 8/10","1"
"001","BARBAN01","BAR EMERGENCY","BA234","NAVY/CYAN","2","BAR LCAR1","NAVY","M 12/14","1"
"001","BARBAN01","BAR EMERGENCY","BA234","NAVY/CYAN","3","BAR LCAR1","NAVY","L 16/18","1"
"001","BARBAN01","BAR EMERGENCY","BA234","NAVY/CYAN","4","BAR LCAR1","NAVY","XL 20/22","1"
"001","BARBAN01","BAR EMERGENCY","BA234","NAVY/CYAN","5","BAR LCAR1","NAVY","2XL 24/26","1"
"001","BARBAN01","BAR EMERGENCY","BA238/L","NAVY","36","BAR MJKT2/L","NAVY","36","1"
"001","BARBAN01","BAR EMERGENCY","BA238/L","NAVY","38","BAR MJKT2/L","NAVY","38","1"
"001","BARBAN01","BAR EMERGENCY","BA238/L","NAVY","40","BAR MJKT2/L","NAVY","40","1"
"001","BARBAN01","BAR EMERGENCY","BA238/L","NAVY","42","BAR MJKT2/L","NAVY","42","1"
"001","BARBAN01","BAR EMERGENCY","BA238/L","NAVY","44","BAR MJKT2/L","NAVY","44","1"
"001","BARBAN01","BAR EMERGENCY","BA238/L","NAVY","48","BAR MJKT2/L","NAVY","48","1"
"001","BARBAN01","BAR EMERGENCY","BA238/L","NAVY","50","BAR MJKT2/L","NAVY","50","1"
"001","BARBAN01","BAR EMERGENCY","BA238/L","NAVY","52","BAR MJKT2/L","NAVY","52","1"
"001","BARBAN01","BAR EMERGENCY","BA238/R","NAVY","36","BAR MJKT2/R","NAVY","36","1"
"001","BARBAN01","BAR EMERGENCY","BA238/R","NAVY","38","BAR MJKT2/R","NAVY","38","1"
"001","BARBAN01","BAR EMERGENCY","BA238/R","NAVY","40","BAR MJKT2/R","NAVY","40","1"
"001","BARBAN01","BAR EMERGENCY","BA238/R","NAVY","42","BAR MJKT2/R","NAVY","42","1"
"001","BARBAN01","BAR EMERGENCY","BA238/R","NAVY","44","BAR MJKT2/R","NAVY","44","1"
"001","BARBAN01","BAR EMERGENCY","BA238/R","NAVY","46","BAR MJKT2/R","NAVY","46","1"
"001","BARBAN01","BAR EMERGENCY","BA238/R","NAVY","48","BAR MJKT2/R","NAVY","48","1"
"001","BARBAN01","BAR EMERGENCY","BA238/S","NAVY","36","BAR MJKT2/S","NAVY","36","1"
"001","BARBAN01","BAR EMERGENCY","BA238/S","NAVY","38","BAR MJKT2/S","NAVY","38","1"
"001","BARBAN01","BAR EMERGENCY","BA238/S","NAVY","40","BAR MJKT2/S","NAVY","40","1"
"001","BARBAN01","BAR EMERGENCY","BA238/S","NAVY","42","BAR MJKT2/S","NAVY","42","1"
"001","BARBAN01","BAR EMERGENCY","BA238/S","NAVY","44","BAR MJKT2/S","NAVY","44","1"
"001","BARBAN01","BAR EMERGENCY","BA238/S","NAVY","46","BAR MJKT2/S","NAVY","46","1"
"001","BARBAN01","BAR EMERGENCY","BA238/S","NAVY","48","BAR MJKT2/S","NAVY","48","1"
"001","BARBAN01","BAR EMERGENCY","BA238/S","NAVY","50","BAR MJKT2/S","NAVY","50","1"
"001","BARBAN01","BAR EMERGENCY","BA238/S","NAVY","52","BAR MJKT2/S","NAVY","52","1"
"001","BARBAN01","BAR EMERGENCY","BA239/L","NAVY","36","BAR MJKT2/L","NAVY","36","1"
"001","BARBAN01","BAR EMERGENCY","BA239/L","NAVY","38","BAR MJKT2/L","NAVY","38","1"
"001","BARBAN01","BAR EMERGENCY","BA239/L","NAVY","40","BAR MJKT2/L","NAVY","40","1"
"001","BARBAN01","BAR EMERGENCY","BA239/L","NAVY","42","BAR MJKT2/L","NAVY","42","1"
"001","BARBAN01","BAR EMERGENCY","BA239/L","NAVY","44","BAR MJKT2/L","NAVY","44","1"
"001","BARBAN01","BAR EMERGENCY","BA239/L","NAVY","46","BAR MJKT2/L","NAVY","46","1"
"001","BARBAN01","BAR EMERGENCY","BA239/L","NAVY","48","BAR MJKT2/L","NAVY","48","1"
"001","BARBAN01","BAR EMERGENCY","BA239/L","NAVY","50","BAR MJKT2/L","NAVY","50","1"
"001","BARBAN01","BAR EMERGENCY","BA239/L","NAVY","52","BAR MJKT2/L","NAVY","52","1"
"001","BARBAN01","BAR EMERGENCY","BA239/R","NAVY","36","BAR MJKT2/R","NAVY","36","1"
"001","BARBAN01","BAR EMERGENCY","BA239/R","NAVY","38","BAR MJKT2/R","NAVY","38","1"
"001","BARBAN01","BAR EMERGENCY","BA239/R","NAVY","42","BAR MJKT2/R","NAVY","42","1"
"001","BARBAN01","BAR EMERGENCY","BA239/R","NAVY","44","BAR MJKT2/R","NAVY","44","1"
"001","BARBAN01","BAR EMERGENCY","BA239/R","NAVY","46","BAR MJKT2/R","NAVY","46","1"
"001","BARBAN01","BAR EMERGENCY","BA239/R","NAVY","48","BAR MJKT2/R","NAVY","48","1"
"001","BARBAN01","BAR EMERGENCY","BA239/R","NAVY","52","BAR MJKT2/R","NAVY","52","1"
"001","BARBAN01","BAR EMERGENCY","BA239/S","NAVY","38","BAR MJKT2/S","NAVY","38","1"
"001","BARBAN01","BAR EMERGENCY","BA239/S","NAVY","40","BAR MJKT2/S","NAVY","40","1"
"001","BARBAN01","BAR EMERGENCY","BA239/S","NAVY","42","BAR MJKT2/S","NAVY","42","1"
"001","BARBAN01","BAR EMERGENCY","BA239/S","NAVY","44","BAR MJKT2/S","NAVY","44","1"
"001","BARBAN01","BAR EMERGENCY","BA239/S","NAVY","46","BAR MJKT2/S","NAVY","46","1"
"001","BARBAN01","BAR EMERGENCY","BA239/S","NAVY","48","BAR MJKT2/S","NAVY","48","1"
"001","BARBAN01","BAR EMERGENCY","BA239/S","NAVY","50","BAR MJKT2/S","NAVY","50","1"
"001","BARBAN01","BAR EMERGENCY","BA239/S","NAVY","52","BAR MJKT2/S","NAVY","52","1"
"001","BARBAN01","BAR EMERGENCY","BA241/L","NAVY","28","BAR MT1/L","NAVY","28","1"
"001","BARBAN01","BAR EMERGENCY","BA241/L","NAVY","30","BAR MT1/L","NAVY","30","1"
"001","BARBAN01","BAR EMERGENCY","BA241/L","NAVY","32","BAR MT1/L","NAVY","32","1"
"001","BARBAN01","BAR EMERGENCY","BA241/L","NAVY","34","BAR MT1/L","NAVY","34","1"
"001","BARBAN01","BAR EMERGENCY","BA241/L","NAVY","36","BAR MT1/L","NAVY","36","1"
"001","BARBAN01","BAR EMERGENCY","BA241/L","NAVY","42","BAR MT1/L","NAVY","42","1"
"001","BARBAN01","BAR EMERGENCY","BA241/L","NAVY","46","BAR MT1/L","NAVY","46","1"
"001","BARBAN01","BAR EMERGENCY","BA241/L","NAVY","48","BAR MT1/L","NAVY","48","1"
"001","BARBAN01","BAR EMERGENCY","BA241/R","NAVY","28","BAR MT1/R","NAVY","28","1"
"001","BARBAN01","BAR EMERGENCY","BA241/R","NAVY","30","BAR MT1/R","NAVY","30","1"
"001","BARBAN01","BAR EMERGENCY","BA241/R","NAVY","32","BAR MT1/R","NAVY","32","1"
"001","BARBAN01","BAR EMERGENCY","BA241/R","NAVY","34","BAR MT1/R","NAVY","34","1"
"001","BARBAN01","BAR EMERGENCY","BA241/R","NAVY","36","BAR MT1/R","NAVY","36","1"
"001","BARBAN01","BAR EMERGENCY","BA241/R","NAVY","42","BAR MT1/R","NAVY","42","1"
"001","BARBAN01","BAR EMERGENCY","BA241/R","NAVY","48","BAR MT1/R","NAVY","48","1"
"001","BARBAN01","BAR EMERGENCY","BA241/S","NAVY","28","BAR MT1/S","NAVY","28","1"
"001","BARBAN01","BAR EMERGENCY","BA241/S","NAVY","30","BAR MT1/S","NAVY","30","1"
"001","BARBAN01","BAR EMERGENCY","BA241/S","NAVY","34","BAR MT1/S","NAVY","34","1"
"001","BARBAN01","BAR EMERGENCY","BA241/S","NAVY","36","BAR MT1/S","NAVY","36","1"
"001","BARBAN01","BAR EMERGENCY","BA241/S","NAVY","40","BAR MT1/S","NAVY","40","1"
"001","BARBAN01","BAR EMERGENCY","BA241/S","NAVY","44","BAR MT1/S","NAVY","44","1"
"001","BARBAN01","BAR EMERGENCY","BA241/S","NAVY","46","BAR MT1/S","NAVY","46","1"
"001","BARBAN01","BAR EMERGENCY","BA241/U","NAVY","28","BAR MT1/UF","NAVY","28","1"
"001","BARBAN01","BAR EMERGENCY","BA241/U","NAVY","30","BAR MT1/UF","NAVY","30","1"
"001","BARBAN01","BAR EMERGENCY","BA241/U","NAVY","32","BAR MT1/UF","NAVY","32","1"
"001","BARBAN01","BAR EMERGENCY","BA241/U","NAVY","34","BAR MT1/UF","NAVY","34","1"
"001","BARBAN01","BAR EMERGENCY","BA241/U","NAVY","36","BAR MT1/UF","NAVY","36","1"
"001","BARBAN01","BAR EMERGENCY","BA241/U","NAVY","38","BAR MT1/UF","NAVY","38","1"
"001","BARBAN01","BAR EMERGENCY","BA241/U","NAVY","40","BAR MT1/UF","NAVY","40","1"
"001","BARBAN01","BAR EMERGENCY","BA241/U","NAVY","42","BAR MT1/UF","NAVY","42","1"
"001","BARBAN01","BAR EMERGENCY","BA241/U","NAVY","44","BAR MT1/UF","NAVY","44","1"
"001","BARBAN01","BAR EMERGENCY","BA241/U","NAVY","46","BAR MT1/UF","NAVY","46","1"
"001","BARBAN01","BAR EMERGENCY","BA241/U","NAVY","48","BAR MT1/UF","NAVY","48","1"
"001","BARBAN01","BAR EMERGENCY","BA242/L","NAVY","28","BAR MT1/L","NAVY","28","1"
"001","BARBAN01","BAR EMERGENCY","BA242/L","NAVY","30","BAR MT1/L","NAVY","30","1"
"001","BARBAN01","BAR EMERGENCY","BA242/L","NAVY","44","BAR MT1/L","NAVY","44","1"
"001","BARBAN01","BAR EMERGENCY","BA242/L","NAVY","46","BAR MT1/L","NAVY","46","1"
"001","BARBAN01","BAR EMERGENCY","BA242/L","NAVY","48","BAR MT1/L","NAVY","48","1"
"001","BARBAN01","BAR EMERGENCY","BA242/R","NAVY","28","BAR MT1/R","NAVY","28","1"
"001","BARBAN01","BAR EMERGENCY","BA242/S","NAVY","42","BAR MT1/S","NAVY","42","1"
"001","BARBAN01","BAR EMERGENCY","BA242/S","NAVY","46","BAR MT1/S","NAVY","46","1"
"001","BARBAN01","BAR EMERGENCY","BA242/S","NAVY","48","BAR MT1/S","NAVY","48","1"
"001","BARBAN01","BAR EMERGENCY","BA242/U","NAVY","28","BAR MT1/UF","NAVY","28","1"
"001","BARBAN01","BAR EMERGENCY","BA242/U","NAVY","30","BAR MT1/UF","NAVY","30","1"
"001","BARBAN01","BAR EMERGENCY","BA242/U","NAVY","36","BAR MT1/UF","NAVY","36","1"
"001","BARBAN01","BAR EMERGENCY","BA242/U","NAVY","38","BAR MT1/UF","NAVY","38","1"
"001","BARBAN01","BAR EMERGENCY","BA242/U","NAVY","40","BAR MT1/UF","NAVY","40","1"
"001","BARBAN01","BAR EMERGENCY","BA242/U","NAVY","42","BAR MT1/UF","NAVY","42","1"
"001","BARBAN01","BAR EMERGENCY","BA242/U","NAVY","44","BAR MT1/UF","NAVY","44","1"
"001","BARBAN01","BAR EMERGENCY","BA242/U","NAVY","46","BAR MT1/UF","NAVY","46","1"
"001","BARBAN01","BAR EMERGENCY","BA242/U","NAVY","48","BAR MT1/UF","NAVY","48","1"
"001","BARBAN01","BAR EMERGENCY","BA243/L","NAVY","28","BAR MT1/L","NAVY","28","1"
"001","BARBAN01","BAR EMERGENCY","BA243/L","NAVY","36","BAR MT1/L","NAVY","36","1"
"001","BARBAN01","BAR EMERGENCY","BA243/R","NAVY","28","BAR MT1/R","NAVY","28","1"
"001","BARBAN01","BAR EMERGENCY","BA243/R","NAVY","30","BAR MT1/R","NAVY","30","1"
"001","BARBAN01","BAR EMERGENCY","BA243/R","NAVY","34","BAR MT1/R","NAVY","34","1"
"001","BARBAN01","BAR EMERGENCY","BA243/S","NAVY","28","BAR MT1/S","NAVY","28","1"
"001","BARBAN01","BAR EMERGENCY","BA243/S","NAVY","30","BAR MT1/S","NAVY","30","1"
"001","BARBAN01","BAR EMERGENCY","BA243/S","NAVY","40","BAR MT1/S","NAVY","40","1"
"001","BARBAN01","BAR EMERGENCY","BA243/S","NAVY","42","BAR MT1/S","NAVY","42","1"
"001","BARBAN01","BAR EMERGENCY","BA243/S","NAVY","46","BAR MT1/S","NAVY","46","1"
"001","BARBAN01","BAR EMERGENCY","BA243/S","NAVY","48","BAR MT1/S","NAVY","48","1"
"001","BARBAN01","BAR EMERGENCY","BA243/U","NAVY","28","BAR MT1/UF","NAVY","28","1"
"001","BARBAN01","BAR EMERGENCY","BA243/U","NAVY","30","BAR MT1/UF","NAVY","30","1"
"001","BARBAN01","BAR EMERGENCY","BA243/U","NAVY","32","BAR MT1/UF","NAVY","32","1"
"001","BARBAN01","BAR EMERGENCY","BA243/U","NAVY","36","BAR MT1/UF","NAVY","36","1"
"001","BARBAN01","BAR EMERGENCY","BA243/U","NAVY","38","BAR MT1/UF","NAVY","38","1"
"001","BARBAN01","BAR EMERGENCY","BA243/U","NAVY","42","BAR MT1/UF","NAVY","42","1"
"001","BARBAN01","BAR EMERGENCY","BA243/U","NAVY","44","BAR MT1/UF","NAVY","44","1"
"001","BARBAN01","BAR EMERGENCY","BA243/U","NAVY","46","BAR MT1/UF","NAVY","46","1"
"001","BARBAN01","BAR EMERGENCY","BA243/U","NAVY","48","BAR MT1/UF","NAVY","48","1"
"001","BARBAN01","BAR EMERGENCY","BA252","NAVY","2XL","BAR JMP1","NAVY","L 42/44","1"
"001","BARBAN01","BAR EMERGENCY","BA252","NAVY","L","BAR JMP1","NAVY","L 42/44","1"
"001","BARBAN01","BAR EMERGENCY","BA252","NAVY","M","BAR JMP1","NAVY","M 38/40","1"
"001","BARBAN01","BAR EMERGENCY","BA252","NAVY","S","BAR JMP1","NAVY","S 34/36","1"
"001","BARBAN01","BAR EMERGENCY","BA252","NAVY","XL","BAR JMP1","NAVY","XL 46/48","1"
"001","BARBAN01","BAR EMERGENCY","BA255","NAVY/DOT","ONE SIZE","BAR TIE1","NAVY/DOT","One Size","1"
"001","BARBAN01","BAR EMERGENCY","BA282","STRIPE","ONE SIZE","BAR SCF1","NAVY/DOT","One Size","1"
"001","BARBAN01","BAR EMERGENCY","BA289","STRIPE","15","BAR SHT1","WHITE","15","1"
"001","BARBAN01","BAR EMERGENCY","BA289","STRIPE","15.5","BAR SHT1","WHITE","15.5","1"
"001","BARBAN01","BAR EMERGENCY","BA289","STRIPE","16","BAR SHT1","WHITE","16","1"
"001","BARBAN01","BAR EMERGENCY","BA290","STRIPE","15.5","BAR SHT2","WHITE","15.5","1"
"001","BARBAN01","BAR EMERGENCY","BA290","STRIPE","16","BAR SHT2","WHITE","16","1"
"001","BARBAN01","BAR EMERGENCY","BA290","STRIPE","16.5","BAR SHT2","WHITE","16.5","1"
"001","BARBAN01","BAR EMERGENCY","BA290","STRIPE","17","BAR SHT2","WHITE","17","1"
"001","BARBAN01","BAR EMERGENCY","BA290","STRIPE","18","BAR SHT2","WHITE","18","1"
"001","BARBAN01","BAR EMERGENCY","BA290","STRIPE","18.5","BAR SHT2","WHITE","18.5","1"
"001","BARBAN01","BAR EMERGENCY","BA290","STRIPE","19","BAR SHT2","WHITE","19","1"
"001","BARBAN01","BAR EMERGENCY","BA290","STRIPE","19.5","BAR SHT2","WHITE","19.5","1"
"001","BARBAN01","BAR EMERGENCY","BA290","STRIPE","20","BAR SHT2","WHITE","20","1"
"001","BARBAN01","BAR EMERGENCY","BA290","STRIPE","20.5","BAR SHT2","WHITE","20.5","1"
"001","BARBAN01","BAR EMERGENCY","BA294/L","NAVY","10","BAR DRS2","NAVY","10","1"
"001","BARBAN01","BAR EMERGENCY","BA294/L","NAVY","26","BAR DRS2","NAVY","26","1"
"001","BARBAN01","BAR EMERGENCY","BA294/L","NAVY","28","BAR DRS2","NAVY","28","1"
"001","BARBAN01","BAR EMERGENCY","BA294/L","NAVY","30","BAR DRS2","NAVY","30","1"
"001","BARBAN01","BAR EMERGENCY","BA294/L","NAVY","6","BAR DRS2","NAVY","6","1"
"001","BARBAN01","BAR EMERGENCY","BA294/R","NAVY","14","BAR DRS2","NAVY","14","1"
"001","BARBAN01","BAR EMERGENCY","BA294/R","NAVY","18","BAR DRS2","NAVY","18","1"
"001","BARBAN01","BAR EMERGENCY","BA294/R","NAVY","20","BAR DRS2","NAVY","20","1"
"001","BARBAN01","BAR EMERGENCY","BA294/R","NAVY","26","BAR DRS2","NAVY","26","1"
"001","BARBAN01","BAR EMERGENCY","BA294/R","NAVY","28","BAR DRS2","NAVY","28","1"
"001","BARBAN01","BAR EMERGENCY","BA294/R","NAVY","30","BAR DRS2","NAVY","30","1"
"001","BARBAN01","BAR EMERGENCY","BA294/S","NAVY","12","BAR DRS2","NAVY","12","1"
"001","BARBAN01","BAR EMERGENCY","BA294/S","NAVY","14","BAR DRS2","NAVY","14","1"
"001","BARBAN01","BAR EMERGENCY","BA294/S","NAVY","16","BAR DRS2","NAVY","16","1"
"001","BARBAN01","BAR EMERGENCY","BA294/S","NAVY","24","BAR DRS2","NAVY","24","1"
"001","BARBAN01","BAR EMERGENCY","BA294/S","NAVY","26","BAR DRS2","NAVY","26","1"
"001","BARBAN01","BAR EMERGENCY","BA294/S","NAVY","28","BAR DRS2","NAVY","28","1"
"001","BARBAN01","BAR EMERGENCY","BA294/S","NAVY","30","BAR DRS2","NAVY","30","1"
"001","BARBAN01","BAR EMERGENCY","BA294/S","NAVY","6","BAR DRS2","NAVY","6","1"
"001","BARBAN01","BAR EMERGENCY","BA307","WHITE","10","BAR BLS2","WHITE","10","1"
"001","BARBAN01","BAR EMERGENCY","BA307","WHITE","12","BAR BLS2","WHITE","12","1"
"001","BARBAN01","BAR EMERGENCY","BA307","WHITE","14","BAR BLS2","WHITE","14","1"
"001","BARBAN01","BAR EMERGENCY","BA307","WHITE","16","BAR BLS2","WHITE","16","1"
"001","BARBAN01","BAR EMERGENCY","BA307","WHITE","20","BAR BLS2","WHITE","20","1"
"001","BARBAN01","BAR EMERGENCY","BA307","WHITE","24","BAR BLS2","WHITE","24","1"
"001","BARBAN01","BAR EMERGENCY","BA307","WHITE","26","BAR BLS2","WHITE","26","1"
"001","BARBAN01","BAR EMERGENCY","BA307","WHITE","28","BAR BLS2","WHITE","28","1"
"001","BARBAN01","BAR EMERGENCY","BA307","WHITE","30","BAR BLS2","WHITE","30","1"
"001","BARBAN01","BAR EMERGENCY","BA307","WHITE","6","BAR BLS2","WHITE","6","1"
"001","BARBAN01","BAR EMERGENCY","BA307","WHITE","8","BAR BLS2","WHITE","8","1"
"001","BARBAN01","BAR EMERGENCY","BA308","CYAN","2XL","BAR LPOLO1\
","CYAN\
","22","1"
"001","BARBAN01","BAR EMERGENCY","BA308","CYAN","XS","BAR LPOLO1\
","CYAN\
","6","1"
"001","BARBAN01","BAR EMERGENCY","BA309","CYAN","2XL","BAR MPOLO1","CYAN","2XL 50/52","1"
"001","BARBAN01","BAR EMERGENCY","BA309","CYAN","3XL","BAR MPOLO1","CYAN","3XL 54/56","1"
"001","BARBAN01","BAR EMERGENCY","BA309","CYAN","4XL","BAR MPOLO1","CYAN","4XL","1"
"001","BARBAN01","BAR EMERGENCY","BA309","CYAN","L","BAR MPOLO1","CYAN","L 42/44","1"
"001","BARBAN01","BAR EMERGENCY","BA309","CYAN","M","BAR MPOLO1","CYAN","M 38/40","1"
"001","BARBAN01","BAR EMERGENCY","BA309","CYAN","S","BAR MPOLO1","CYAN","S 34/36","1"
"001","BARBAN01","BAR EMERGENCY","BA309","CYAN","XL","BAR MPOLO1","CYAN","XL 46/48","1"
"001","BARBAN01","BAR EMERGENCY","BA315/L","NAVY","26","BAR LTRS2/L","NAVY","26","1"
"001","BARBAN01","BAR EMERGENCY","BA315/L","NAVY","28","BAR LTRS2/L","NAVY","28","1"
"001","BARBAN01","BAR EMERGENCY","BA315/L","NAVY","30","BAR LTRS2/L","NAVY","30","1"
"001","BARBAN01","BAR EMERGENCY","BA315/L","NAVY","6","BAR LTRS2/L","NAVY","6","1"
"001","BARBAN01","BAR EMERGENCY","BA315/L","NAVY","8","BAR LTRS2/L","NAVY","8","1"
"001","BARBAN01","BAR EMERGENCY","BA315/P","NAVY","18","BAR LTRS2/L","NAVY","18","1"
"001","BARBAN01","BAR EMERGENCY","BA315/P","NAVY","20","BAR LTRS2/L","NAVY","20","1"
"001","BARBAN01","BAR EMERGENCY","BA315/P","NAVY","24","BAR LTRS2/L","NAVY","24","1"
"001","BARBAN01","BAR EMERGENCY","BA315/P","NAVY","26","BAR LTRS2/L","NAVY","26","1"
"001","BARBAN01","BAR EMERGENCY","BA315/P","NAVY","28","BAR LTRS2/L","NAVY","28","1"
"001","BARBAN01","BAR EMERGENCY","BA315/P","NAVY","30","BAR LTRS2/L","NAVY","30","1"
"001","BARBAN01","BAR EMERGENCY","BA315/P","NAVY","6","BAR LTRS2/L","NAVY","6","1"
"001","BARBAN01","BAR EMERGENCY","BA315/P","NAVY","8","BAR LTRS2/L","NAVY","8","1"
"001","BARBAN01","BAR EMERGENCY","BA315/R","NAVY","16","BAR LTRS2/R","NAVY","16","1"
"001","BARBAN01","BAR EMERGENCY","BA315/R","NAVY","24","BAR LTRS2/R","NAVY","24","1"
"001","BARBAN01","BAR EMERGENCY","BA315/R","NAVY","28","BAR LTRS2/R","NAVY","28","1"
"001","BARBAN01","BAR EMERGENCY","BA315/R","NAVY","30","BAR LTRS2/R","NAVY","30","1"
"001","BARBAN01","BAR EMERGENCY","BA315/S","NAVY","12","BAR LTRS2/S","NAVY","12","1"
"001","BARBAN01","BAR EMERGENCY","BA315/S","NAVY","14","BAR LTRS2/S","NAVY","14","1"
"001","BARBAN01","BAR EMERGENCY","BA315/S","NAVY","28","BAR LTRS2/S","NAVY","28","1"
"001","BARBAN01","BAR EMERGENCY","BA315/U","NAVY","26","BAR LTRS2/L","NAVY","26","1"
"001","BARBAN01","BAR EMERGENCY","BA315/U","NAVY","28","BAR LTRS2/L","NAVY","28","1"
"001","BARBAN01","BAR EMERGENCY","BA315/U","NAVY","30","BAR LTRS2/L","NAVY","30","1"
"001","BARBAN01","BAR EMERGENCY","BA315/U","NAVY","6","BAR LTRS2/L","NAVY","6","1"
"001","BARBAN01","BAR EMERGENCY","BA316","WHITE","10","BAR BLS2","WHITE","10","1"
"001","BARBAN01","BAR EMERGENCY","BA316","WHITE","12","BAR BLS2","WHITE","12","1"
"001","BARBAN01","BAR EMERGENCY","BA316","WHITE","14","BAR BLS2","WHITE","14","1"
"001","BARBAN01","BAR EMERGENCY","BA316","WHITE","16","BAR BLS2","WHITE","16","1"
"001","BARBAN01","BAR EMERGENCY","BA316","WHITE","18","BAR BLS2","WHITE","18","1"
"001","BARBAN01","BAR EMERGENCY","BA316","WHITE","20","BAR BLS2","WHITE","20","1"
"001","BARBAN01","BAR EMERGENCY","BA316","WHITE","6","BAR BLS2","WHITE","6","1"
"001","BARBAN01","BAR EMERGENCY","BA316","WHITE","8","BAR BLS2","WHITE","8","1"
"001","BARBAN01","BAR EMERGENCY","BA325","WHITE","14.5","BAR SHT2","WHITE","14.5","1"
"001","BARBAN01","BAR EMERGENCY","BA325","WHITE","15","BAR SHT2","WHITE","15","1"
"001","BARBAN01","BAR EMERGENCY","BA325","WHITE","15.5","BAR SHT2","WHITE","15.5","1"
"001","BARBAN01","BAR EMERGENCY","BA325","WHITE","16","BAR SHT2","WHITE","16","1"
"001","BARBAN01","BAR EMERGENCY","BA325","WHITE","16.5","BAR SHT2","WHITE","16.5","1"
"001","BARBAN01","BAR EMERGENCY","BA325","WHITE","17","BAR SHT2","WHITE","17","1"
"001","BARBAN01","BAR EMERGENCY","BA325","WHITE","17.5","BAR SHT2","WHITE","17.5","1"
"001","BARBAN01","BAR EMERGENCY","BA325","WHITE","18","BAR SHT2","WHITE","18","1"
"001","BARBAN01","BAR EMERGENCY","BA325","WHITE","18.5","BAR SHT2","WHITE","18.5","1"
"001","BARBAN01","BAR EMERGENCY","BA325","WHITE","19.5","BAR SHT2","WHITE","19.5","1"
"001","BARBAN01","BAR EMERGENCY","BA325","WHITE","20","BAR SHT2","WHITE","20","1"
"001","BARBAN01","BAR EMERGENCY","BA325","WHITE","20.5","BAR SHT2","WHITE","20.5","1"
"001","BARBAN01","BAR EMERGENCY","BA325","WHITE","21","BAR SHT2","WHITE","21","1"
"001","BARBAN01","BAR EMERGENCY","BA325","WHITE","21.5","BAR SHT2","WHITE","21.5","1"
"001","BARBAN01","BAR EMERGENCY","BA326","WHITE","14.5","BAR SHT3","WHITE","S","1"
"001","BARBAN01","BAR EMERGENCY","BA326","WHITE","15","BAR SHT3","WHITE","M","1"
"001","BARBAN01","BAR EMERGENCY","BA326","WHITE","16.5","BAR SHT3","WHITE","L","1"
"001","BARBAN01","BAR EMERGENCY","BA326","WHITE","17.5","BAR SHT3","WHITE","XL","1"
"001","BARBAN01","BAR EMERGENCY","BA326","WHITE","18.5","BAR SHT3","WHITE","2XL","1"
"001","BARBAN01","BAR EMERGENCY","BA326","WHITE","19.5","BAR SHT3","WHITE","2XL","1"
"001","BARBAN01","BAR EMERGENCY","BA326","WHITE","20","BAR SHT3","WHITE","3XL","1"
"001","BARBAN01","BAR EMERGENCY","BA326","WHITE","20.5","BAR SHT3","WHITE","3XL","1"
"001","BARBAN01","BAR EMERGENCY","BA327","STRIPE","14.5","BAR SHT1","WHITE","14.5","1"
"001","BARBAN01","BAR EMERGENCY","BA327","STRIPE","15","BAR SHT1","WHITE","15","1"
"001","BARBAN01","BAR EMERGENCY","BA327","STRIPE","15.5","BAR SHT1","WHITE","15.5","1"
"001","BARBAN01","BAR EMERGENCY","BA327","STRIPE","16","BAR SHT1","WHITE","16","1"
"001","BARBAN01","BAR EMERGENCY","BA327","STRIPE","16.5","BAR SHT1","WHITE","16.5","1"
"001","BARBAN01","BAR EMERGENCY","BA327","STRIPE","17","BAR SHT1","WHITE","17","1"
"001","BARBAN01","BAR EMERGENCY","BA327","STRIPE","17.5","BAR SHT1","WHITE","17.5","1"
"001","BARBAN01","BAR EMERGENCY","BA327","STRIPE","18","BAR SHT1","WHITE","18","1"
"001","BARBAN01","BAR EMERGENCY","BA327","STRIPE","18.5","BAR SHT1","WHITE","18.5","1"
"001","BARBAN01","BAR EMERGENCY","BA327","STRIPE","19","BAR SHT1","WHITE","19","1"
"001","BARBAN01","BAR EMERGENCY","BA327","STRIPE","19.5","BAR SHT1","WHITE","19.5","1"
"001","BARBAN01","BAR EMERGENCY","BA327","STRIPE","20","BAR SHT1","WHITE","20","1"
"001","BARBAN01","BAR EMERGENCY","BA327","STRIPE","20.5","BAR SHT1","WHITE","20.5","1"
"001","BARBAN01","BAR EMERGENCY","BA328","WHITE","14.5","BAR SHT1","WHITE","14.5","1"
"001","BARBAN01","BAR EMERGENCY","BA328","WHITE","15","BAR SHT1","WHITE","15","1"
"001","BARBAN01","BAR EMERGENCY","BA328","WHITE","15.5","BAR SHT1","WHITE","15.5","1"
"001","BARBAN01","BAR EMERGENCY","BA328","WHITE","16","BAR SHT1","WHITE","16","1"
"001","BARBAN01","BAR EMERGENCY","BA328","WHITE","16.5","BAR SHT1","WHITE","16.5","1"
"001","BARBAN01","BAR EMERGENCY","BA328","WHITE","17","BAR SHT1","WHITE","17","1"
"001","BARBAN01","BAR EMERGENCY","BA328","WHITE","17.5","BAR SHT1","WHITE","17.5","1"
"001","BARBAN01","BAR EMERGENCY","BA328","WHITE","18","BAR SHT1","WHITE","18","1"
"001","BARBAN01","BAR EMERGENCY","BA328","WHITE","18.5","BAR SHT1","WHITE","18.5","1"
"001","BARBAN01","BAR EMERGENCY","BA328","WHITE","19","BAR SHT1","WHITE","19","1"
"001","BARBAN01","BAR EMERGENCY","BA328","WHITE","20.5","BAR SHT1","WHITE","20.5","1"
"001","BARBAN01","BAR EMERGENCY","BA328","WHITE","21","BAR SHT1","WHITE","21","1"
"001","BARBAN01","BAR EMERGENCY","BA330","NAVY","L","BAR LCJKT1","NAVY",\N,"1"
"001","BARBAN01","BAR EMERGENCY","BA330","NAVY","M","BAR LCJKT1","NAVY",\N,"1"
"001","BARBAN01","BAR EMERGENCY","BA330","NAVY","S","BAR LCJKT1","NAVY",\N,"1"
"001","BARBAN01","BAR EMERGENCY","BA330","NAVY","XL","BAR LCJKT1","NAVY",\N,"1"
"001","BARBAN01","BAR EMERGENCY","BA331","CYAN","2XL","BAR MCJKT1","NAVY","2XL 50/52","1"
"001","BARBAN01","BAR EMERGENCY","BA331","CYAN","L","BAR MCJKT1","NAVY","L 42/44","1"
"001","BARBAN01","BAR EMERGENCY","BA331","CYAN","M","BAR MCJKT1","NAVY","M 38/40","1"
"001","BARBAN01","BAR EMERGENCY","BA331","CYAN","XL","BAR MCJKT1","NAVY","XL 46/48","1"
"001","BARBAN01","BAR EMERGENCY","BA333/R","NAVY","10","BAR MDRS1","NAVY","S 8-10","1"
"001","BARBAN01","BAR EMERGENCY","BA333/R","NAVY","12","BAR MDRS1","NAVY","M 12-14","1"
"001","BARBAN01","BAR EMERGENCY","BA333/R","NAVY","14","BAR MDRS1","NAVY","M 12-14","1"
"001","BARBAN01","BAR EMERGENCY","BA333/R","NAVY","16","BAR MDRS1","NAVY","L 16-18","1"
"001","BARBAN01","BAR EMERGENCY","BA333/R","NAVY","18","BAR MDRS1","NAVY","L 16-18","1"
"001","BARBAN01","BAR EMERGENCY","BA333/R","NAVY","20","BAR MDRS1","NAVY","XL 20-22","1"
"001","BARBAN01","BAR EMERGENCY","BA333/R","NAVY","22","BAR MDRS1","NAVY","XL 20-22","1"
"001","BARBAN01","BAR EMERGENCY","BA333/R","NAVY","24","BAR MDRS1","NAVY","2XL 24-26","1"
"001","BARBAN01","BAR EMERGENCY","BA333/R","NAVY","26","BAR MDRS1","NAVY","2XL 24-26","1"
"001","BARBAN01","BAR EMERGENCY","BA333/R","NAVY","28","BAR MDRS1","NAVY",\N,"1"
"001","BARBAN01","BAR EMERGENCY","BA333/R","NAVY","30","BAR MDRS1","NAVY",\N,"1"
"001","BARBAN01","BAR EMERGENCY","BA333/R","NAVY","6","BAR MDRS1","NAVY","XS 6","1"
"001","BARBAN01","BAR EMERGENCY","BA333/R","NAVY","8","BAR MDRS1","NAVY","S 8-10","1"
"001","BARBAN01","BAR EMERGENCY","BA336","STRIPE","14.5","BAR SHT2","WHITE","14.5","1"
"001","BARBAN01","BAR EMERGENCY","BA336","STRIPE","15","BAR SHT2","WHITE","15","1"
"001","BARBAN01","BAR EMERGENCY","BA336","STRIPE","15.5","BAR SHT2","WHITE","15.5","1"
"001","BARBAN01","BAR EMERGENCY","BA336","STRIPE","16","BAR SHT2","WHITE","16","1"
"001","BARBAN01","BAR EMERGENCY","BA336","STRIPE","16.5","BAR SHT2","WHITE","16.5","1"
"001","BARBAN01","BAR EMERGENCY","BA336","STRIPE","17","BAR SHT2","WHITE","17","1"
"001","BARBAN01","BAR EMERGENCY","BA336","STRIPE","17.5","BAR SHT2","WHITE","17.5","1"
"001","BARBAN01","BAR EMERGENCY","BA336","STRIPE","18","BAR SHT2","WHITE","18","1"
"001","BARBAN01","BAR EMERGENCY","BA336","STRIPE","18.5","BAR SHT2","WHITE","18.5","1"
"001","BARBAN01","BAR EMERGENCY","BA336","STRIPE","19","BAR SHT2","WHITE","19","1"
"001","BARBAN01","BAR EMERGENCY","BA336","STRIPE","19.5","BAR SHT2","WHITE","19.5","1"
"001","BARBAN01","BAR EMERGENCY","BA336","STRIPE","20","BAR SHT2","WHITE","20","1"
"001","BARBAN01","BAR EMERGENCY","BA336","STRIPE","20.5","BAR SHT2","WHITE","20.5","1"
"001","BARBAN01","BAR EMERGENCY","BA339","CYAN","ONE SIZE","BAR SCF1","NAVY/DOT","One Size","1"
"001","BARBAN01","BAR EMERGENCY","BA342","WHITE","10","BAR BLS1","WHITE","10","1"
"001","BARBAN01","BAR EMERGENCY","BA342","WHITE","12","BAR BLS1","WHITE","12","1"
"001","BARBAN01","BAR EMERGENCY","BA342","WHITE","14","BAR BLS1","WHITE","14","1"
"001","BARBAN01","BAR EMERGENCY","BA342","WHITE","16","BAR BLS1","WHITE","16","1"
"001","BARBAN01","BAR EMERGENCY","BA342","WHITE","18","BAR BLS1","WHITE","18","1"
"001","BARBAN01","BAR EMERGENCY","BA342","WHITE","20","BAR BLS1","WHITE","20","1"
"001","BARBAN01","BAR EMERGENCY","BA342","WHITE","22","BAR BLS1","WHITE","22","1"
"001","BARBAN01","BAR EMERGENCY","BA342","WHITE","24","BAR BLS1","WHITE","24","1"
"001","BARBAN01","BAR EMERGENCY","BA342","WHITE","26","BAR BLS1","WHITE","26","1"
"001","BARBAN01","BAR EMERGENCY","BA342","WHITE","28","BAR BLS1","WHITE","28","1"
"001","BARBAN01","BAR EMERGENCY","BA342","WHITE","30","BAR BLS1","WHITE","30","1"
"001","BARBAN01","BAR EMERGENCY","BA342","WHITE","6","BAR BLS1","WHITE","6","1"
"001","BARBAN01","BAR EMERGENCY","BA342","WHITE","8","BAR BLS1","WHITE","8","1"
"001","BARBAN01","BAR EMERGENCY","BA344","NAVY/CYAN","ONE SIZE","BAR TIE1","NAVY/DOT","One Size","1"
"001","BARBAN01","BAR EMERGENCY","BA345","CYAN","ONE SIZE","BAR TIE1","NAVY/DOT","One Size","1"
"001","BARBAN01","BAR EMERGENCY","BA359","CYAN","2XL","BAR LPOLO1","CYAN","30","1"
"001","BARBAN01","BAR EMERGENCY","BA359","CYAN","3XL","BAR LPOLO1","CYAN","28","1"
"001","BARBAN01","BAR EMERGENCY","BA359","CYAN","M","BAR LPOLO1","CYAN","8","1"
"001","BARBAN01","BAR EMERGENCY","BA359","CYAN","S","BAR LPOLO1","CYAN","6","1"
"001","BARBAN01","BAR EMERGENCY","BA359","CYAN","XS","BAR LPOLO1","CYAN","4","1"
"001","BARBAN01","BAR EMERGENCY","BX115","CYAN","10","BAR BLS1","WHITE","10","1"
"001","BARBAN01","BAR EMERGENCY","BX115","CYAN","12","BAR BLS1","WHITE","12","1"
"001","BARBAN01","BAR EMERGENCY","BX115","CYAN","14","BAR BLS1","WHITE","14","1"
"001","BARBAN01","BAR EMERGENCY","BX115","CYAN","16","BAR BLS1","WHITE","16","1"
"001","BARBAN01","BAR EMERGENCY","BX115","CYAN","18","BAR BLS1","WHITE","18","1"
"001","BARBAN01","BAR EMERGENCY","BX115","CYAN","20","BAR BLS1","WHITE","20","1"
"001","BARBAN01","BAR EMERGENCY","BX115","CYAN","6","BAR BLS1","WHITE","6","1"
"001","BARBAN01","BAR EMERGENCY","BX115","CYAN","8","BAR BLS1","WHITE","8","1"
